station_id,transaction_date,station_type,region,fuel_type,litres_sold,transaction_value,payment_method,theft_flag,prevention_strategy,staff_present,incident_reported,resolution_status,year,month,day_of_week,segment
St1000,2014-03-24,Staffed,Christchurch,Diesel,75,214.26,Post-Pay,0,Anpr,1,Yes,Pending,2014,3,Monday,High
St1001,2013-03-29,Unmanned,Christchurch,Diesel,61,186.59,Post-Pay,0,Pre-Pay Policy,1,No,Unresolved,2013,3,Friday,Medium
St1002,2015-03-23,Staffed,Auckland,Gasoline 95,25,71.9,Post-Pay,0,Cctv,0,No,Recovered,2015,3,Monday,Low
St1003,2015-07-13,Staffed,Wellington,Gasoline 95,61,178.66,Post-Pay,0,Anpr,1,Yes,Recovered,2015,7,Monday,Medium
St1004,2016-11-17,Unmanned,Christchurch,Gasoline 91,33,94.27,Post-Pay,0,,1,Yes,Unresolved,2016,11,Thursday,Low
St1005,2017-07-17,Unmanned,Dunedin,Gasoline 91,41,114.56,Pre-Pay,0,Pre-Pay Policy,1,Yes,Pending,2017,7,Monday,Medium
St1006,2017-07-17,Staffed,Wellington,Gasoline 91,46,127.97,Pre-Pay,0,Anpr,0,No,Pending,2017,7,Monday,Medium
St1007,2019-03-19,Self-Service,Hamilton,Diesel,74,225.35,Pre-Pay,0,,1,Yes,Unresolved,2019,3,Tuesday,High
St1008,2011-07-22,Staffed,Christchurch,Gasoline 95,75,208.38,Post-Pay,0,Cctv,0,Yes,Pending,2011,7,Friday,High
St1009,2011-11-22,Staffed,Christchurch,Diesel,38,105.91,Pay-At-Pump,1,Pre-Pay Policy,1,Yes,Recovered,2011,11,Tuesday,Medium
St1010,2008-11-25,Staffed,Auckland,Gasoline 95,46,131.36,Pre-Pay,0,,1,Yes,Pending,2008,11,Tuesday,Medium
St1011,2012-07-23,Staffed,Hamilton,Diesel,57,160.72,Post-Pay,0,Pre-Pay Policy,0,Yes,Pending,2012,7,Monday,Medium
St1012,2012-11-29,Unmanned,Christchurch,Gasoline 95,45,136.87,Pay-At-Pump,0,Anpr,0,No,Unresolved,2012,11,Thursday,Medium
St1013,2013-07-22,Staffed,Dunedin,Diesel,36,101.35,Pre-Pay,0,,0,Yes,Unresolved,2013,7,Monday,Medium
St1014,2014-07-18,Self-Service,Dunedin,Diesel,47,131.9,Post-Pay,1,Pre-Pay Policy,0,No,Unresolved,2014,7,Friday,Medium
St1015,2014-11-24,Unmanned,Auckland,Gasoline 91,54,156.39,Post-Pay,1,,1,Yes,Pending,2014,11,Monday,Medium
St1016,2015-11-18,Self-Service,Auckland,Diesel,37,101.12,Pre-Pay,0,Cctv,0,No,Recovered,2015,11,Wednesday,Medium
St1017,2012-03-27,Self-Service,Auckland,Gasoline 91,56,158.13,Pre-Pay,0,Anpr,0,Yes,Pending,2012,3,Tuesday,Medium
St1018,2011-03-30,Self-Service,Wellington,Gasoline 95,26,72.27,Pay-At-Pump,1,Anpr,1,Yes,Recovered,2011,3,Wednesday,Low
St1019,2011-03-30,Self-Service,Wellington,Gasoline 95,38,115.34,Post-Pay,0,,1,No,Recovered,2011,3,Wednesday,Medium
St1020,2010-07-22,Unmanned,Wellington,Gasoline 91,53,162.02,Pre-Pay,0,,0,Yes,Pending,2010,7,Thursday,Medium
St1021,2010-11-24,Unmanned,Wellington,Diesel,24,73.35,Post-Pay,0,Pre-Pay Policy,1,Yes,Unresolved,2010,11,Wednesday,Low
St1022,2005-10-17,Self-Service,Auckland,Diesel,37,104.01,Pre-Pay,0,Cctv,0,Yes,Unresolved,2005,10,Monday,Medium
St1023,2006-02-24,Self-Service,Dunedin,Gasoline 95,40,121.43,Post-Pay,0,Anpr,0,Yes,Recovered,2006,2,Friday,Medium
St1024,2006-06-23,Unmanned,Christchurch,Gasoline 95,21,64.97,Post-Pay,1,Pre-Pay Policy,0,Yes,Recovered,2006,6,Friday,Low
St1025,2006-10-18,Unmanned,Wellington,Gasoline 95,70,197.24,Pre-Pay,0,,0,No,Unresolved,2006,10,Wednesday,High
St1026,2007-06-27,Unmanned,Wellington,Gasoline 91,55,170.42,Post-Pay,0,Pre-Pay Policy,0,No,Pending,2007,6,Wednesday,Medium
St1027,2007-10-25,Staffed,Wellington,Gasoline 95,35,99.8,Post-Pay,0,Pre-Pay Policy,1,Yes,Recovered,2007,10,Thursday,Medium
St1028,2007-02-26,Staffed,Hamilton,Diesel,57,162.32,Pre-Pay,0,,0,Yes,Unresolved,2007,2,Monday,Medium
St1029,2008-07-28,Staffed,Dunedin,Gasoline 95,29,88.99,Pre-Pay,0,Cctv,0,Yes,Unresolved,2008,7,Monday,Low
St1030,2008-07-28,Self-Service,Wellington,Gasoline 91,55,149.46,Pay-At-Pump,0,Pre-Pay Policy,1,No,Unresolved,2008,7,Monday,Medium
St1031,2009-07-27,Staffed,Dunedin,Gasoline 95,44,125.77,Pay-At-Pump,1,,0,No,Unresolved,2009,7,Monday,Medium
St1032,2009-11-24,Self-Service,Christchurch,Gasoline 91,51,151.63,Post-Pay,0,Anpr,1,Yes,Recovered,2009,11,Tuesday,Medium
St1033,2010-03-29,Self-Service,Dunedin,Diesel,42,124.64,Pre-Pay,0,Pre-Pay Policy,0,Yes,Pending,2010,3,Monday,Medium
St1034,2010-03-29,Staffed,Wellington,Diesel,40,115.33,Pay-At-Pump,1,Anpr,1,Yes,Unresolved,2010,3,Monday,Medium
St1035,2010-03-29,Self-Service,Dunedin,Gasoline 91,75,204.36,Post-Pay,0,Pre-Pay Policy,0,Yes,Pending,2010,3,Monday,High
St1036,2010-03-29,Staffed,Auckland,Diesel,74,218.14,Pre-Pay,0,,1,No,Pending,2010,3,Monday,High
St1037,2010-03-29,Staffed,Hamilton,Diesel,47,132.32,Pre-Pay,0,,1,No,Pending,2010,3,Monday,Medium
St1038,2010-03-29,Unmanned,Auckland,Gasoline 91,44,122.96,Pre-Pay,0,Pre-Pay Policy,0,Yes,Recovered,2010,3,Monday,Medium
St1039,2010-03-29,Staffed,Auckland,Gasoline 91,38,113.27,Post-Pay,0,,1,Yes,Pending,2010,3,Monday,Medium
St1040,2010-03-29,Unmanned,Wellington,Diesel,45,123.91,Pre-Pay,0,Pre-Pay Policy,0,No,Pending,2010,3,Monday,Medium
St1041,2010-03-29,Staffed,Dunedin,Diesel,43,121.77,Pay-At-Pump,0,Pre-Pay Policy,1,Yes,Unresolved,2010,3,Monday,Medium
St1042,2006-10-25,Staffed,Christchurch,Gasoline 95,37,109.33,Pay-At-Pump,0,Anpr,0,Yes,Pending,2006,10,Wednesday,Medium
St1043,2006-10-25,Unmanned,Wellington,Gasoline 91,42,117.5,Pay-At-Pump,0,,0,Yes,Pending,2006,10,Wednesday,Medium
St1044,2006-10-25,Unmanned,Hamilton,Diesel,28,75.76,Pay-At-Pump,0,Cctv,0,Yes,Unresolved,2006,10,Wednesday,Low
St1045,2007-10-26,Staffed,Auckland,Gasoline 91,43,127.17,Pre-Pay,0,Cctv,0,Yes,Pending,2007,10,Friday,Medium
St1046,2007-06-28,Self-Service,Auckland,Gasoline 91,65,200.59,Pre-Pay,0,Pre-Pay Policy,0,No,Unresolved,2007,6,Thursday,High
St1047,2007-02-27,Unmanned,Wellington,Diesel,44,128.55,Pre-Pay,0,Cctv,1,No,Unresolved,2007,2,Tuesday,Medium
St1048,2007-02-27,Self-Service,Hamilton,Gasoline 91,66,191.22,Pay-At-Pump,0,Anpr,0,Yes,Recovered,2007,2,Tuesday,High
St1049,2006-06-28,Self-Service,Auckland,Diesel,79,232.74,Pre-Pay,0,Cctv,1,Yes,Recovered,2006,6,Wednesday,High
St1050,2008-10-29,Self-Service,Auckland,Gasoline 95,63,187.46,Pre-Pay,0,,0,Yes,Unresolved,2008,10,Wednesday,High
St1051,2008-10-29,Unmanned,Christchurch,Gasoline 95,31,83.79,Pay-At-Pump,0,,1,Yes,Recovered,2008,10,Wednesday,Low
St1052,2008-10-29,Self-Service,Auckland,Gasoline 95,78,218.97,Pay-At-Pump,0,,0,No,Unresolved,2008,10,Wednesday,High
St1053,2014-01-30,Unmanned,Hamilton,Gasoline 95,32,86.54,Post-Pay,0,Cctv,0,Yes,Recovered,2014,1,Thursday,Low
St1054,2014-01-30,Self-Service,Hamilton,Gasoline 91,58,159.48,Pre-Pay,0,Anpr,0,Yes,Recovered,2014,1,Thursday,Medium
St1055,2014-01-30,Staffed,Christchurch,Gasoline 91,46,140.33,Post-Pay,1,Pre-Pay Policy,1,Yes,Unresolved,2014,1,Thursday,Medium
St1056,2014-01-30,Staffed,Auckland,Gasoline 95,66,194.17,Post-Pay,0,,1,Yes,Recovered,2014,1,Thursday,High
St1057,2014-01-30,Unmanned,Wellington,Diesel,27,76.1,Pre-Pay,0,Pre-Pay Policy,0,No,Pending,2014,1,Thursday,Low
St1058,2014-01-30,Staffed,Christchurch,Gasoline 91,59,164.48,Post-Pay,0,Pre-Pay Policy,1,Yes,Recovered,2014,1,Thursday,Medium
St1059,2014-01-30,Staffed,Hamilton,Diesel,21,62.91,Pre-Pay,0,Anpr,1,Yes,Pending,2014,1,Thursday,Low
St1060,2018-05-25,Self-Service,Wellington,Gasoline 95,21,62.17,Pay-At-Pump,0,,0,Yes,Recovered,2018,5,Friday,Low
St1061,2017-05-26,Unmanned,Auckland,Gasoline 95,56,152.14,Pay-At-Pump,0,Pre-Pay Policy,0,Yes,Pending,2017,5,Friday,Medium
St1062,2017-05-26,Self-Service,Dunedin,Gasoline 91,25,68.72,Post-Pay,0,,0,No,Unresolved,2017,5,Friday,Low
St1063,2016-09-29,Self-Service,Dunedin,Gasoline 95,32,88.93,Pre-Pay,0,Cctv,0,Yes,Recovered,2016,9,Thursday,Low
St1064,2016-05-25,Self-Service,Auckland,Gasoline 95,31,87.88,Pre-Pay,0,Pre-Pay Policy,0,No,Unresolved,2016,5,Wednesday,Low
St1065,2015-09-28,Self-Service,Dunedin,Diesel,23,62.81,Pre-Pay,1,Pre-Pay Policy,0,Yes,Pending,2015,9,Monday,Low
St1066,2015-05-28,Self-Service,Hamilton,Diesel,58,173.24,Pre-Pay,0,Pre-Pay Policy,0,Yes,Recovered,2015,5,Thursday,Medium
St1067,2015-05-28,Self-Service,Auckland,Gasoline 91,71,218.26,Pre-Pay,0,Cctv,0,Yes,Recovered,2015,5,Thursday,High
St1068,2014-09-25,Self-Service,Auckland,Diesel,43,123.53,Pay-At-Pump,0,Anpr,1,Yes,Unresolved,2014,9,Thursday,Medium
St1069,2014-09-25,Unmanned,Auckland,Diesel,24,69.75,Post-Pay,0,Anpr,0,Yes,Unresolved,2014,9,Thursday,Low
St1070,2005-10-19,Staffed,Dunedin,Gasoline 91,41,118.87,Post-Pay,0,Anpr,1,No,Pending,2005,10,Wednesday,Medium
St1071,2013-05-31,Self-Service,Dunedin,Diesel,42,125.75,Post-Pay,0,Pre-Pay Policy,0,Yes,Unresolved,2013,5,Friday,Medium
St1072,2010-02-15,Self-Service,Dunedin,Gasoline 91,61,184.24,Pay-At-Pump,0,Pre-Pay Policy,1,No,Recovered,2010,2,Monday,Medium
St1073,2010-02-15,Self-Service,Hamilton,Gasoline 95,35,100.85,Pay-At-Pump,0,Pre-Pay Policy,0,Yes,Recovered,2010,2,Monday,Medium
St1074,2009-02-13,Self-Service,Wellington,Diesel,25,72.57,Post-Pay,0,Pre-Pay Policy,0,Yes,Unresolved,2009,2,Friday,Low
St1075,2009-02-13,Self-Service,Dunedin,Gasoline 95,49,132.45,Post-Pay,0,Cctv,0,Yes,Unresolved,2009,2,Friday,Medium
St1076,2017-05-30,Self-Service,Hamilton,Gasoline 95,69,198.74,Pay-At-Pump,0,Anpr,0,Yes,Pending,2017,5,Tuesday,High
St1077,2017-05-30,Staffed,Dunedin,Gasoline 91,56,173.35,Post-Pay,0,,0,Yes,Unresolved,2017,5,Tuesday,Medium
St1078,2017-05-30,Staffed,Wellington,Gasoline 95,55,154.96,Post-Pay,0,,0,Yes,Pending,2017,5,Tuesday,Medium
St1079,2017-05-30,Self-Service,Christchurch,Gasoline 95,33,92.91,Pre-Pay,0,,0,No,Unresolved,2017,5,Tuesday,Low
St1080,2017-05-30,Staffed,Auckland,Gasoline 95,55,156.93,Pay-At-Pump,0,Cctv,0,No,Pending,2017,5,Tuesday,Medium
St1081,2009-10-14,Unmanned,Wellington,Gasoline 95,63,179.6,Pay-At-Pump,0,Pre-Pay Policy,0,No,Pending,2009,10,Wednesday,High
St1082,2008-10-14,Self-Service,Christchurch,Diesel,45,138.07,Pay-At-Pump,0,Anpr,0,Yes,Unresolved,2008,10,Tuesday,Medium
St1083,2008-06-16,Unmanned,Christchurch,Diesel,59,182.26,Pay-At-Pump,0,Cctv,0,Yes,Unresolved,2008,6,Monday,Medium
St1084,2008-02-15,Unmanned,Hamilton,Gasoline 91,34,103.93,Pre-Pay,1,Cctv,0,Yes,Unresolved,2008,2,Friday,Low
St1085,2007-10-16,Self-Service,Christchurch,Diesel,39,119.82,Post-Pay,0,,1,Yes,Pending,2007,10,Tuesday,Medium
St1086,2007-06-18,Staffed,Auckland,Gasoline 91,64,184.11,Post-Pay,0,,0,Yes,Recovered,2007,6,Monday,High
St1087,2007-06-18,Unmanned,Dunedin,Gasoline 91,28,82.16,Pay-At-Pump,0,Anpr,1,Yes,Unresolved,2007,6,Monday,Low
St1088,2006-06-19,Self-Service,Christchurch,Gasoline 95,37,107.59,Post-Pay,0,Cctv,0,Yes,Pending,2006,6,Monday,Medium
St1089,2006-06-19,Unmanned,Dunedin,Gasoline 91,24,69.53,Pre-Pay,0,Pre-Pay Policy,1,Yes,Pending,2006,6,Monday,Low
St1090,2009-10-22,Unmanned,Dunedin,Gasoline 95,64,197.51,Post-Pay,0,Anpr,0,No,Pending,2009,10,Thursday,High
St1091,2009-10-22,Unmanned,Christchurch,Diesel,62,180.91,Pre-Pay,0,,1,No,Pending,2009,10,Thursday,Medium
St1092,2007-02-15,Unmanned,Hamilton,Gasoline 95,67,199.27,Post-Pay,0,Anpr,0,Yes,Pending,2007,2,Thursday,High
St1093,2007-06-18,Staffed,Christchurch,Gasoline 95,38,102.69,Post-Pay,0,Anpr,0,Yes,Unresolved,2007,6,Monday,Medium
St1094,2008-06-19,Unmanned,Hamilton,Diesel,44,120.26,Post-Pay,0,Anpr,0,No,Pending,2008,6,Thursday,Medium
St1095,2008-10-17,Unmanned,Dunedin,Gasoline 95,20,56.75,Post-Pay,0,Cctv,0,Yes,Pending,2008,10,Friday,Low
St1096,2009-02-23,Unmanned,Christchurch,Gasoline 91,73,201.85,Post-Pay,0,Cctv,1,Yes,Recovered,2009,2,Monday,High
St1097,2009-06-24,Staffed,Wellington,Gasoline 95,64,195.83,Pay-At-Pump,0,,0,Yes,Unresolved,2009,6,Wednesday,High
St1098,2006-06-15,Unmanned,Auckland,Gasoline 95,61,188.07,Post-Pay,0,Cctv,0,Yes,Pending,2006,6,Thursday,Medium
St1099,2006-06-15,Unmanned,Dunedin,Diesel,58,167.96,Post-Pay,0,Cctv,0,Yes,Unresolved,2006,6,Thursday,Medium
St1100,2006-06-15,Staffed,Auckland,Gasoline 91,35,108.12,Pay-At-Pump,0,Anpr,0,Yes,Unresolved,2006,6,Thursday,Medium
St1101,2006-06-15,Staffed,Dunedin,Diesel,71,219.93,Post-Pay,0,Anpr,1,Yes,Pending,2006,6,Thursday,High
St1102,2012-05-25,Staffed,Wellington,Gasoline 91,31,88.14,Post-Pay,0,Anpr,0,Yes,Unresolved,2012,5,Friday,Low
St1103,2012-09-25,Unmanned,Hamilton,Diesel,73,220.81,Pay-At-Pump,0,Cctv,0,Yes,Unresolved,2012,9,Tuesday,High
St1104,2007-10-16,Staffed,Dunedin,Diesel,79,243.72,Pre-Pay,1,Cctv,0,No,Unresolved,2007,10,Tuesday,High
St1105,2008-02-20,Staffed,Hamilton,Diesel,34,104.66,Post-Pay,0,,0,Yes,Pending,2008,2,Wednesday,Low
St1106,2008-02-20,Unmanned,Auckland,Gasoline 91,35,100.03,Pay-At-Pump,0,Anpr,0,Yes,Pending,2008,2,Wednesday,Medium
St1107,2010-09-28,Staffed,Wellington,Diesel,46,138.68,Post-Pay,0,Pre-Pay Policy,0,No,Pending,2010,9,Tuesday,Medium
St1108,2010-09-28,Unmanned,Auckland,Gasoline 91,75,215.92,Post-Pay,0,,0,Yes,Pending,2010,9,Tuesday,High
St1109,2006-02-16,Self-Service,Hamilton,Gasoline 91,62,180.01,Pre-Pay,0,,0,Yes,Unresolved,2006,2,Thursday,Medium
St1110,2015-02-13,Staffed,Dunedin,Gasoline 95,42,129.99,Pay-At-Pump,0,Cctv,1,No,Unresolved,2015,2,Friday,Medium
St1111,2015-02-13,Self-Service,Dunedin,Diesel,53,160.65,Post-Pay,0,Cctv,0,Yes,Recovered,2015,2,Friday,Medium
St1112,2015-02-13,Unmanned,Dunedin,Gasoline 95,25,70.22,Pay-At-Pump,0,Cctv,1,Yes,Recovered,2015,2,Friday,Low
St1113,2015-02-13,Staffed,Wellington,Gasoline 91,26,71.27,Post-Pay,0,Cctv,0,No,Unresolved,2015,2,Friday,Low
St1114,2015-02-13,Unmanned,Hamilton,Gasoline 91,39,111.71,Post-Pay,0,Anpr,0,Yes,Recovered,2015,2,Friday,Medium
St1115,2015-02-13,Self-Service,Wellington,Gasoline 95,20,58.36,Post-Pay,0,Pre-Pay Policy,1,Yes,Recovered,2015,2,Friday,Low
St1116,2015-02-13,Unmanned,Dunedin,Gasoline 95,61,171.89,Post-Pay,0,Anpr,0,Yes,Recovered,2015,2,Friday,Medium
St1117,2015-02-13,Staffed,Auckland,Gasoline 95,62,191.78,Pre-Pay,0,,1,No,Unresolved,2015,2,Friday,Medium
St1118,2015-02-13,Staffed,Dunedin,Diesel,37,100.56,Post-Pay,0,,0,No,Pending,2015,2,Friday,Medium
St1119,2015-02-13,Self-Service,Dunedin,Gasoline 91,26,77.48,Post-Pay,0,Pre-Pay Policy,1,No,Recovered,2015,2,Friday,Low
St1120,2015-02-13,Unmanned,Christchurch,Gasoline 95,32,97.06,Post-Pay,0,Cctv,1,No,Recovered,2015,2,Friday,Low
St1121,2019-02-13,Staffed,Wellington,Diesel,64,180.15,Pre-Pay,0,Cctv,1,Yes,Recovered,2019,2,Wednesday,High
St1122,2019-06-17,Self-Service,Wellington,Diesel,36,108.43,Pay-At-Pump,0,Cctv,0,No,Unresolved,2019,6,Monday,Medium
St1123,2019-06-17,Staffed,Dunedin,Gasoline 91,78,231.94,Pay-At-Pump,0,,0,Yes,Recovered,2019,6,Monday,High
St1124,2019-06-17,Staffed,Hamilton,Gasoline 95,25,74.66,Pay-At-Pump,1,Anpr,0,No,Recovered,2019,6,Monday,Low
St1125,2019-06-17,Unmanned,Christchurch,Gasoline 95,32,97.22,Pre-Pay,1,Anpr,0,No,Unresolved,2019,6,Monday,Low
St1126,2016-01-18,Staffed,Christchurch,Gasoline 91,58,167.38,Post-Pay,0,Cctv,1,Yes,Recovered,2016,1,Monday,Medium
St1127,2016-01-18,Unmanned,Wellington,Diesel,29,80.12,Pre-Pay,0,Cctv,1,Yes,Recovered,2016,1,Monday,Low
St1128,2016-01-18,Staffed,Wellington,Gasoline 95,25,68.12,Pay-At-Pump,0,Cctv,1,Yes,Pending,2016,1,Monday,Low
St1129,2016-01-18,Self-Service,Auckland,Gasoline 95,45,132.6,Post-Pay,0,Anpr,0,Yes,Unresolved,2016,1,Monday,Medium
St1130,2016-01-18,Staffed,Auckland,Gasoline 91,63,171.48,Pre-Pay,0,Cctv,0,No,Pending,2016,1,Monday,High
St1131,2018-01-16,Unmanned,Christchurch,Gasoline 95,67,196.72,Pay-At-Pump,0,Pre-Pay Policy,1,Yes,Pending,2018,1,Tuesday,High
St1132,2018-01-16,Unmanned,Hamilton,Diesel,69,212.54,Pre-Pay,1,,1,Yes,Unresolved,2018,1,Tuesday,High
St1133,2012-05-14,Self-Service,Wellington,Diesel,48,138.31,Pre-Pay,0,Anpr,1,Yes,Recovered,2012,5,Monday,Medium
St1134,2012-05-14,Staffed,Hamilton,Gasoline 91,39,118.6,Pay-At-Pump,0,Pre-Pay Policy,1,Yes,Recovered,2012,5,Monday,Medium
St1135,2014-05-13,Staffed,Christchurch,Diesel,60,170.64,Pre-Pay,0,Anpr,1,Yes,Recovered,2014,5,Tuesday,Medium
St1136,2014-05-13,Self-Service,Wellington,Gasoline 95,76,229.43,Post-Pay,0,Pre-Pay Policy,0,Yes,Recovered,2014,5,Tuesday,High
St1137,2019-05-14,Staffed,Hamilton,Gasoline 95,65,186.01,Pre-Pay,0,Pre-Pay Policy,1,Yes,Recovered,2019,5,Tuesday,High
St1138,2019-05-14,Staffed,Hamilton,Gasoline 91,50,137.66,Pre-Pay,1,Cctv,1,No,Pending,2019,5,Tuesday,Medium
St1139,2010-05-17,Unmanned,Auckland,Diesel,42,122.79,Pay-At-Pump,0,Anpr,0,Yes,Recovered,2010,5,Monday,Medium
St1140,2010-01-19,Staffed,Christchurch,Gasoline 91,41,116.31,Post-Pay,0,Pre-Pay Policy,1,Yes,Pending,2010,1,Tuesday,Medium
St1141,2010-01-19,Staffed,Wellington,Diesel,53,148.53,Pre-Pay,1,Anpr,0,Yes,Recovered,2010,1,Tuesday,Medium
St1142,2010-01-19,Self-Service,Dunedin,Gasoline 95,28,80.08,Post-Pay,0,Cctv,0,Yes,Pending,2010,1,Tuesday,Low
St1143,2009-01-27,Self-Service,Wellington,Diesel,75,228.78,Post-Pay,0,,0,Yes,Unresolved,2009,1,Tuesday,High
St1144,2009-01-27,Unmanned,Hamilton,Gasoline 95,34,103.4,Post-Pay,0,Anpr,0,No,Recovered,2009,1,Tuesday,Low
St1145,2008-09-17,Staffed,Wellington,Diesel,51,147.63,Post-Pay,0,Pre-Pay Policy,0,Yes,Unresolved,2008,9,Wednesday,Medium
St1146,2008-05-23,Staffed,Dunedin,Gasoline 95,61,184.89,Pay-At-Pump,0,Anpr,0,Yes,Recovered,2008,5,Friday,Medium
St1147,2008-01-25,Staffed,Christchurch,Gasoline 91,30,86.36,Post-Pay,0,,1,Yes,Pending,2008,1,Friday,Low
St1148,2007-09-14,Unmanned,Auckland,Gasoline 91,30,81.36,Pre-Pay,0,Cctv,1,Yes,Unresolved,2007,9,Friday,Low
St1149,2007-01-17,Unmanned,Hamilton,Diesel,77,225.59,Post-Pay,0,Anpr,1,Yes,Unresolved,2007,1,Wednesday,High
St1150,2006-09-13,Self-Service,Wellington,Diesel,68,187.35,Post-Pay,0,Anpr,0,Yes,Recovered,2006,9,Wednesday,High
St1151,2010-05-17,Unmanned,Christchurch,Gasoline 95,37,107.5,Pre-Pay,0,Anpr,0,Yes,Pending,2010,5,Monday,Medium
St1152,2010-05-17,Staffed,Auckland,Gasoline 95,67,188.75,Pay-At-Pump,0,Anpr,1,Yes,Unresolved,2010,5,Monday,High
St1153,2010-09-14,Staffed,Wellington,Diesel,45,122.04,Post-Pay,0,Cctv,1,Yes,Pending,2010,9,Tuesday,Medium
St1154,2010-09-14,Unmanned,Auckland,Gasoline 95,62,187.89,Pre-Pay,0,Anpr,1,Yes,Unresolved,2010,9,Tuesday,Medium
St1155,2011-05-19,Staffed,Auckland,Diesel,62,184.27,Post-Pay,0,,1,Yes,Unresolved,2011,5,Thursday,Medium
St1156,2011-05-19,Staffed,Auckland,Diesel,23,64.63,Pre-Pay,1,Anpr,0,Yes,Unresolved,2011,5,Thursday,Low
St1157,2011-09-16,Unmanned,Wellington,Diesel,51,154.58,Pay-At-Pump,0,Anpr,0,Yes,Unresolved,2011,9,Friday,Medium
St1158,2012-01-18,Unmanned,Auckland,Diesel,77,226.35,Pay-At-Pump,0,Cctv,0,Yes,Unresolved,2012,1,Wednesday,High
St1159,2012-01-18,Staffed,Dunedin,Diesel,48,141.82,Pre-Pay,1,Cctv,0,No,Pending,2012,1,Wednesday,Medium
St1160,2013-01-16,Staffed,Hamilton,Gasoline 91,58,169.27,Pre-Pay,0,Anpr,0,Yes,Recovered,2013,1,Wednesday,Medium
St1161,2015-01-19,Staffed,Auckland,Diesel,23,68.45,Post-Pay,1,Pre-Pay Policy,1,Yes,Recovered,2015,1,Monday,Low
St1162,2013-01-16,Self-Service,Hamilton,Gasoline 91,28,86.6,Pre-Pay,0,Pre-Pay Policy,1,Yes,Recovered,2013,1,Wednesday,Low
St1163,2013-05-14,Self-Service,Dunedin,Gasoline 91,30,90.91,Post-Pay,0,Pre-Pay Policy,0,Yes,Pending,2013,5,Tuesday,Low
St1164,2013-05-14,Self-Service,Wellington,Gasoline 91,49,137.43,Post-Pay,0,,0,Yes,Pending,2013,5,Tuesday,Medium
St1165,2013-05-14,Unmanned,Wellington,Diesel,51,141.76,Post-Pay,0,Cctv,0,Yes,Recovered,2013,5,Tuesday,Medium
St1166,2013-05-14,Self-Service,Auckland,Diesel,55,169.73,Pre-Pay,0,Cctv,1,Yes,Recovered,2013,5,Tuesday,Medium
St1167,2014-01-16,Unmanned,Wellington,Gasoline 95,53,152.59,Pre-Pay,0,,1,Yes,Pending,2014,1,Thursday,Medium
St1168,2014-01-16,Unmanned,Christchurch,Gasoline 91,43,124.59,Post-Pay,0,Cctv,0,Yes,Recovered,2014,1,Thursday,Medium
St1169,2014-01-16,Self-Service,Christchurch,Gasoline 91,51,139.67,Pay-At-Pump,0,,0,Yes,Recovered,2014,1,Thursday,Medium
St1170,2015-01-19,Self-Service,Christchurch,Diesel,39,106.64,Pre-Pay,0,Anpr,0,No,Unresolved,2015,1,Monday,Medium
St1171,2011-09-16,Self-Service,Auckland,Gasoline 95,79,219.42,Pre-Pay,0,Pre-Pay Policy,0,Yes,Pending,2011,9,Friday,High
St1172,2013-11-25,Staffed,Dunedin,Gasoline 91,39,118.46,Pre-Pay,0,Anpr,0,Yes,Pending,2013,11,Monday,Medium
St1173,2017-03-16,Self-Service,Wellington,Diesel,25,72.15,Pre-Pay,0,Pre-Pay Policy,0,Yes,Pending,2017,3,Thursday,Low
St1174,2016-07-19,Staffed,Christchurch,Gasoline 95,26,72.93,Pay-At-Pump,0,Cctv,0,No,Recovered,2016,7,Tuesday,Low
St1175,2016-03-18,Unmanned,Christchurch,Gasoline 95,48,134.28,Post-Pay,0,Cctv,0,Yes,Recovered,2016,3,Friday,Medium
St1176,2016-03-18,Staffed,Auckland,Gasoline 91,48,129.99,Post-Pay,0,Pre-Pay Policy,0,Yes,Unresolved,2016,3,Friday,Medium
St1177,2014-07-17,Self-Service,Christchurch,Gasoline 95,33,100.55,Post-Pay,0,Anpr,0,Yes,Recovered,2014,7,Thursday,Low
St1178,2013-03-25,Unmanned,Auckland,Diesel,43,128.67,Post-Pay,0,Anpr,0,No,Unresolved,2013,3,Monday,Medium
St1179,2012-11-23,Unmanned,Wellington,Diesel,31,89.63,Pre-Pay,0,Cctv,0,No,Pending,2012,11,Friday,Low
St1180,2012-11-23,Unmanned,Dunedin,Gasoline 91,77,230.76,Pay-At-Pump,0,Pre-Pay Policy,0,No,Pending,2012,11,Friday,High
St1181,2016-07-19,Staffed,Wellington,Gasoline 95,54,164.81,Pay-At-Pump,0,Cctv,0,Yes,Unresolved,2016,7,Tuesday,Medium
St1182,2015-11-18,Self-Service,Dunedin,Gasoline 95,59,171.04,Post-Pay,0,Cctv,0,Yes,Unresolved,2015,11,Wednesday,Medium
St1183,2015-11-18,Unmanned,Wellington,Diesel,60,168.77,Post-Pay,0,,0,No,Pending,2015,11,Wednesday,Medium
St1184,2017-07-17,Unmanned,Hamilton,Gasoline 91,34,102.66,Post-Pay,1,Anpr,0,No,Unresolved,2017,7,Monday,Low
St1185,2015-07-13,Unmanned,Wellington,Gasoline 95,68,201.78,Post-Pay,0,Cctv,1,No,Recovered,2015,7,Monday,High
St1186,2015-03-23,Staffed,Wellington,Gasoline 95,64,196.64,Pay-At-Pump,0,Anpr,1,No,Unresolved,2015,3,Monday,High
St1187,2015-03-23,Staffed,Dunedin,Gasoline 95,79,240.3,Pay-At-Pump,0,Cctv,1,No,Unresolved,2015,3,Monday,High
St1188,2014-11-21,Self-Service,Hamilton,Diesel,59,178.23,Pay-At-Pump,0,Pre-Pay Policy,0,Yes,Pending,2014,11,Friday,Medium
St1189,2014-11-21,Staffed,Christchurch,Gasoline 95,76,223.1,Pay-At-Pump,0,Anpr,0,Yes,Pending,2014,11,Friday,High
St1190,2014-07-17,Unmanned,Hamilton,Diesel,50,153.55,Pre-Pay,0,,0,Yes,Unresolved,2014,7,Thursday,Medium
St1191,2014-03-21,Self-Service,Dunedin,Gasoline 91,22,67.73,Pay-At-Pump,1,Cctv,1,Yes,Pending,2014,3,Friday,Low
St1192,2014-03-21,Unmanned,Auckland,Gasoline 95,29,79.36,Pre-Pay,0,,0,Yes,Pending,2014,3,Friday,Low
St1193,2013-11-25,Unmanned,Christchurch,Gasoline 95,30,81.64,Post-Pay,0,,0,Yes,Pending,2013,11,Monday,Low
St1194,2013-07-16,Staffed,Auckland,Gasoline 95,42,124.63,Pay-At-Pump,0,,1,No,Unresolved,2013,7,Tuesday,Medium
St1195,2013-07-16,Self-Service,Dunedin,Gasoline 91,37,104.13,Post-Pay,0,Anpr,1,Yes,Recovered,2013,7,Tuesday,Medium
St1196,2013-03-25,Staffed,Christchurch,Diesel,75,228.59,Pre-Pay,0,Cctv,0,Yes,Unresolved,2013,3,Monday,High
St1197,2015-07-13,Staffed,Hamilton,Gasoline 91,42,127.16,Pre-Pay,0,Cctv,0,No,Unresolved,2015,7,Monday,Medium
St1198,2017-07-17,Self-Service,Hamilton,Diesel,46,129.54,Post-Pay,1,Cctv,1,Yes,Pending,2017,7,Monday,Medium
St1199,2017-03-16,Unmanned,Dunedin,Gasoline 95,67,193.72,Pay-At-Pump,0,Anpr,0,Yes,Unresolved,2017,3,Thursday,High
St1200,2019-03-18,Unmanned,Christchurch,Diesel,68,197.1,Pay-At-Pump,0,Pre-Pay Policy,1,Yes,Unresolved,2019,3,Monday,High
St1201,2019-03-18,Self-Service,Hamilton,Gasoline 95,58,167.48,Pre-Pay,0,,0,Yes,Unresolved,2019,3,Monday,Medium
St1202,2018-03-15,Unmanned,Christchurch,Gasoline 95,30,91.05,Pay-At-Pump,0,,0,Yes,Recovered,2018,3,Thursday,Low
St1203,2019-07-19,Self-Service,Dunedin,Gasoline 95,21,62.18,Pay-At-Pump,0,,0,No,Unresolved,2019,7,Friday,Low
St1204,2019-07-19,Self-Service,Christchurch,Gasoline 91,52,158.07,Post-Pay,1,,1,Yes,Unresolved,2019,7,Friday,Medium
St1205,2018-11-16,Staffed,Wellington,Gasoline 91,41,112.0,Post-Pay,0,Cctv,1,Yes,Pending,2018,11,Friday,Medium
St1206,2018-11-16,Self-Service,Dunedin,Gasoline 91,46,135.32,Pay-At-Pump,0,Pre-Pay Policy,1,Yes,Pending,2018,11,Friday,Medium
St1207,2018-11-16,Staffed,Christchurch,Diesel,79,229.79,Pay-At-Pump,1,Cctv,0,Yes,Unresolved,2018,11,Friday,High
St1208,2018-11-16,Unmanned,Dunedin,Diesel,23,66.51,Pay-At-Pump,0,Anpr,0,Yes,Recovered,2018,11,Friday,Low
St1209,2018-03-15,Unmanned,Wellington,Gasoline 91,45,132.96,Pre-Pay,0,,0,Yes,Recovered,2018,3,Thursday,Medium
St1210,2017-11-16,Unmanned,Hamilton,Gasoline 95,67,182.62,Pre-Pay,0,,0,No,Pending,2017,11,Thursday,High
St1211,2017-11-16,Unmanned,Christchurch,Diesel,47,134.05,Pre-Pay,0,,1,No,Pending,2017,11,Thursday,Medium
St1212,2019-08-16,Staffed,Christchurch,Gasoline 91,38,112.6,Pay-At-Pump,0,,1,Yes,Unresolved,2019,8,Friday,Medium
St1213,2019-08-16,Unmanned,Hamilton,Diesel,31,85.73,Pre-Pay,0,Pre-Pay Policy,1,Yes,Pending,2019,8,Friday,Low
St1214,2019-08-16,Self-Service,Dunedin,Gasoline 95,25,71.93,Pay-At-Pump,0,Cctv,0,Yes,Pending,2019,8,Friday,Low
St1215,2019-08-16,Self-Service,Dunedin,Gasoline 91,35,102.2,Pay-At-Pump,0,Cctv,0,Yes,Pending,2019,8,Friday,Medium
St1216,2016-12-14,Self-Service,Auckland,Gasoline 91,22,64.01,Pay-At-Pump,0,,1,No,Recovered,2016,12,Wednesday,Low
St1217,2016-12-14,Staffed,Dunedin,Gasoline 91,57,175.85,Pre-Pay,0,Cctv,0,Yes,Unresolved,2016,12,Wednesday,Medium
St1218,2016-12-14,Unmanned,Hamilton,Gasoline 91,68,196.92,Post-Pay,0,,0,Yes,Unresolved,2016,12,Wednesday,High
St1219,2015-04-15,Unmanned,Hamilton,Diesel,36,108.02,Pre-Pay,0,Anpr,0,No,Unresolved,2015,4,Wednesday,Medium
St1220,2015-04-15,Unmanned,Wellington,Gasoline 95,31,84.98,Post-Pay,0,Cctv,1,Yes,Recovered,2015,4,Wednesday,Low
St1221,2014-12-16,Staffed,Dunedin,Diesel,59,178.44,Post-Pay,0,Pre-Pay Policy,1,Yes,Unresolved,2014,12,Tuesday,Medium
St1222,2014-12-16,Self-Service,Hamilton,Gasoline 95,66,184.26,Pay-At-Pump,1,Cctv,1,Yes,Recovered,2014,12,Tuesday,High
St1223,2014-08-18,Self-Service,Wellington,Gasoline 91,23,67.99,Post-Pay,0,Cctv,0,Yes,Pending,2014,8,Monday,Low
St1224,2014-08-18,Unmanned,Auckland,Gasoline 95,54,152.18,Pre-Pay,0,,1,Yes,Pending,2014,8,Monday,Medium
St1225,2014-04-16,Self-Service,Auckland,Diesel,46,126.12,Post-Pay,0,Anpr,0,Yes,Unresolved,2014,4,Wednesday,Medium
St1226,2014-04-16,Self-Service,Wellington,Diesel,52,153.96,Post-Pay,0,Anpr,0,Yes,Unresolved,2014,4,Wednesday,Medium
St1227,2013-12-18,Staffed,Hamilton,Diesel,44,133.23,Pre-Pay,0,,0,Yes,Unresolved,2013,12,Wednesday,Medium
St1228,2013-12-18,Staffed,Wellington,Gasoline 95,71,219.15,Pre-Pay,0,Anpr,0,No,Pending,2013,12,Wednesday,High
St1229,2016-12-14,Staffed,Wellington,Gasoline 91,76,211.16,Pay-At-Pump,0,,0,No,Unresolved,2016,12,Wednesday,High
St1230,2016-12-14,Staffed,Dunedin,Gasoline 95,65,191.28,Pre-Pay,1,,0,Yes,Pending,2016,12,Wednesday,High
St1231,2017-12-13,Unmanned,Dunedin,Gasoline 91,59,181.18,Post-Pay,0,,0,Yes,Recovered,2017,12,Wednesday,Medium
St1232,2017-12-13,Staffed,Wellington,Diesel,31,88.66,Post-Pay,0,Cctv,1,No,Recovered,2017,12,Wednesday,Low
St1233,2017-12-13,Self-Service,Christchurch,Diesel,79,221.61,Pre-Pay,1,Cctv,0,Yes,Recovered,2017,12,Wednesday,High
St1234,2017-12-13,Unmanned,Auckland,Gasoline 95,42,125.01,Pre-Pay,0,,1,Yes,Unresolved,2017,12,Wednesday,Medium
St1235,2006-04-27,Self-Service,Dunedin,Diesel,48,147.79,Pre-Pay,0,Anpr,0,No,Pending,2006,4,Thursday,Medium
St1236,2006-08-23,Self-Service,Auckland,Diesel,74,209.7,Pre-Pay,0,Cctv,0,Yes,Unresolved,2006,8,Wednesday,High
St1237,2006-12-20,Self-Service,Hamilton,Gasoline 95,35,104.38,Pre-Pay,0,Pre-Pay Policy,0,Yes,Unresolved,2006,12,Wednesday,Medium
St1238,2006-12-20,Staffed,Hamilton,Gasoline 95,79,242.17,Pre-Pay,0,,0,No,Pending,2006,12,Wednesday,High
St1239,2007-04-26,Staffed,Auckland,Gasoline 91,28,82.57,Post-Pay,0,Cctv,1,Yes,Unresolved,2007,4,Thursday,Low
St1240,2007-04-26,Unmanned,Auckland,Diesel,68,195.16,Post-Pay,0,Cctv,0,Yes,Pending,2007,4,Thursday,High
St1241,2007-04-26,Unmanned,Hamilton,Diesel,57,156.7,Post-Pay,0,,1,Yes,Recovered,2007,4,Thursday,Medium
St1242,2007-04-26,Staffed,Christchurch,Diesel,23,65.23,Pre-Pay,0,Anpr,1,No,Recovered,2007,4,Thursday,Low
St1243,2013-08-15,Self-Service,Christchurch,Gasoline 95,78,235.83,Pre-Pay,0,Anpr,1,No,Unresolved,2013,8,Thursday,High
St1244,2018-12-17,Unmanned,Wellington,Gasoline 95,77,217.94,Pre-Pay,0,Cctv,0,Yes,Pending,2018,12,Monday,High
St1245,2018-12-17,Staffed,Dunedin,Gasoline 91,26,76.11,Pre-Pay,0,Cctv,1,Yes,Pending,2018,12,Monday,Low
St1246,2018-12-17,Staffed,Christchurch,Diesel,23,63.55,Post-Pay,0,Pre-Pay Policy,0,Yes,Recovered,2018,12,Monday,Low
St1247,2018-12-17,Staffed,Auckland,Gasoline 95,31,91.89,Pay-At-Pump,0,,1,Yes,Recovered,2018,12,Monday,Low
St1248,2019-08-16,Self-Service,Hamilton,Gasoline 95,30,81.35,Pay-At-Pump,0,,0,Yes,Recovered,2019,8,Friday,Low
St1249,2019-08-16,Staffed,Dunedin,Diesel,32,93.36,Pay-At-Pump,0,Anpr,1,Yes,Recovered,2019,8,Friday,Low
St1250,2013-08-15,Staffed,Auckland,Diesel,33,94.23,Post-Pay,0,,1,Yes,Recovered,2013,8,Thursday,Low
St1251,2008-12-15,Staffed,Auckland,Diesel,45,132.61,Pre-Pay,0,,0,Yes,Pending,2008,12,Monday,Medium
St1252,2012-12-18,Staffed,Christchurch,Gasoline 91,72,214.17,Post-Pay,0,Pre-Pay Policy,0,Yes,Pending,2012,12,Tuesday,High
St1253,2012-12-18,Unmanned,Christchurch,Diesel,58,166.17,Post-Pay,0,,1,No,Unresolved,2012,12,Tuesday,Medium
St1254,2012-12-18,Unmanned,Dunedin,Gasoline 91,35,97.6,Pay-At-Pump,0,Cctv,1,No,Pending,2012,12,Tuesday,Medium
St1255,2010-04-16,Staffed,Wellington,Diesel,39,107.29,Pre-Pay,0,Anpr,1,No,Unresolved,2010,4,Friday,Medium
St1256,2010-04-16,Self-Service,Christchurch,Gasoline 95,35,98.05,Pre-Pay,0,Cctv,0,Yes,Pending,2010,4,Friday,Medium
St1257,2009-12-16,Unmanned,Dunedin,Diesel,50,149.66,Pre-Pay,0,,0,Yes,Recovered,2009,12,Wednesday,Medium
St1258,2009-12-16,Staffed,Dunedin,Diesel,37,100.46,Post-Pay,0,Pre-Pay Policy,0,Yes,Pending,2009,12,Wednesday,Medium
St1259,2009-08-14,Unmanned,Hamilton,Gasoline 95,73,223.22,Pre-Pay,0,Cctv,1,Yes,Recovered,2009,8,Friday,High
St1260,2009-08-14,Unmanned,Auckland,Gasoline 95,44,135.69,Post-Pay,0,Cctv,1,Yes,Pending,2009,8,Friday,Medium
St1261,2009-04-20,Self-Service,Wellington,Gasoline 95,46,136.71,Post-Pay,0,,0,No,Pending,2009,4,Monday,Medium
St1262,2009-04-20,Staffed,Christchurch,Diesel,45,130.17,Pre-Pay,0,Pre-Pay Policy,0,Yes,Pending,2009,4,Monday,Medium
St1263,2007-12-25,Staffed,Hamilton,Diesel,37,102.82,Pay-At-Pump,0,Pre-Pay Policy,0,No,Recovered,2007,12,Tuesday,Medium
St1264,2007-12-25,Self-Service,Hamilton,Gasoline 91,39,113.94,Pre-Pay,0,Cctv,0,Yes,Unresolved,2007,12,Tuesday,Medium
St1265,2008-04-17,Self-Service,Wellington,Gasoline 91,20,56.62,Pre-Pay,0,,0,Yes,Pending,2008,4,Thursday,Low
St1266,2008-04-17,Staffed,Wellington,Gasoline 91,59,178.83,Pay-At-Pump,0,Cctv,1,Yes,Unresolved,2008,4,Thursday,Medium
St1267,2008-08-14,Staffed,Hamilton,Diesel,72,211.39,Pay-At-Pump,1,Cctv,0,Yes,Pending,2008,8,Thursday,High
St1268,2009-04-20,Self-Service,Wellington,Gasoline 91,62,183.84,Pay-At-Pump,0,Anpr,0,Yes,Pending,2009,4,Monday,Medium
St1269,2008-12-15,Unmanned,Christchurch,Gasoline 91,62,191.21,Pre-Pay,0,,1,Yes,Pending,2008,12,Monday,Medium
St1270,2013-04-17,Unmanned,Dunedin,Diesel,28,80.37,Post-Pay,0,Pre-Pay Policy,1,Yes,Recovered,2013,4,Wednesday,Low
St1271,2010-12-16,Self-Service,Hamilton,Diesel,24,64.81,Pre-Pay,0,Pre-Pay Policy,1,Yes,Unresolved,2010,12,Thursday,Low
St1272,2010-12-16,Unmanned,Hamilton,Diesel,75,217.43,Pre-Pay,1,Pre-Pay Policy,0,No,Unresolved,2010,12,Thursday,High
St1273,2011-04-14,Self-Service,Auckland,Diesel,40,122.53,Post-Pay,1,Anpr,1,No,Pending,2011,4,Thursday,Medium
St1274,2012-12-18,Unmanned,Christchurch,Gasoline 95,59,177.09,Pay-At-Pump,0,,0,No,Recovered,2012,12,Tuesday,Medium
St1275,2013-04-17,Unmanned,Hamilton,Diesel,41,118.64,Pay-At-Pump,0,Anpr,0,Yes,Unresolved,2013,4,Wednesday,Medium
St1276,2013-04-17,Staffed,Auckland,Gasoline 91,54,152.24,Pay-At-Pump,0,Anpr,0,Yes,Recovered,2013,4,Wednesday,Medium
St1277,2013-04-17,Staffed,Hamilton,Diesel,20,61.42,Pre-Pay,0,Cctv,1,No,Recovered,2013,4,Wednesday,Low
St1278,2012-04-16,Unmanned,Wellington,Gasoline 95,54,161.74,Pay-At-Pump,0,Anpr,0,No,Unresolved,2012,4,Monday,Medium
St1279,2012-04-16,Unmanned,Hamilton,Gasoline 91,32,94.16,Pre-Pay,0,Anpr,0,Yes,Unresolved,2012,4,Monday,Low
St1280,2011-04-14,Staffed,Auckland,Gasoline 95,32,91.54,Pay-At-Pump,0,Cctv,1,Yes,Pending,2011,4,Thursday,Low
St1281,2011-04-14,Staffed,Dunedin,Diesel,79,243.25,Pre-Pay,0,,0,Yes,Unresolved,2011,4,Thursday,High
St1282,2011-04-14,Staffed,Auckland,Gasoline 91,61,166.7,Post-Pay,0,Cctv,0,No,Pending,2011,4,Thursday,Medium
St1283,2007-08-23,Self-Service,Christchurch,Gasoline 91,32,90.44,Post-Pay,0,Cctv,0,Yes,Recovered,2007,8,Thursday,Low
St1284,2007-08-23,Unmanned,Dunedin,Gasoline 91,59,176.81,Pay-At-Pump,0,Cctv,0,Yes,Recovered,2007,8,Thursday,Medium
St1285,2008-08-14,Staffed,Hamilton,Gasoline 91,79,223.35,Pay-At-Pump,1,Cctv,0,No,Pending,2008,8,Thursday,High
St1286,2008-08-14,Unmanned,Dunedin,Gasoline 95,50,140.37,Pre-Pay,0,Anpr,1,Yes,Unresolved,2008,8,Thursday,Medium
St1287,2008-08-14,Self-Service,Hamilton,Gasoline 95,71,205.12,Pay-At-Pump,0,Cctv,0,No,Pending,2008,8,Thursday,High
St1288,2008-08-14,Self-Service,Dunedin,Gasoline 91,22,61.28,Post-Pay,1,Anpr,0,Yes,Unresolved,2008,8,Thursday,Low
St1289,2007-04-26,Staffed,Hamilton,Gasoline 95,75,223.91,Pre-Pay,0,Cctv,0,Yes,Recovered,2007,4,Thursday,High
St1290,2007-07-26,Self-Service,Christchurch,Diesel,79,227.0,Post-Pay,0,Cctv,0,Yes,Recovered,2007,7,Thursday,High
St1291,2007-03-28,Unmanned,Auckland,Diesel,44,120.93,Post-Pay,0,Pre-Pay Policy,1,Yes,Recovered,2007,3,Wednesday,Medium
St1292,2014-06-24,Staffed,Wellington,Diesel,68,188.45,Post-Pay,0,,0,No,Unresolved,2014,6,Tuesday,High
St1293,2014-02-26,Unmanned,Wellington,Gasoline 91,63,171.24,Post-Pay,0,Anpr,0,Yes,Pending,2014,2,Wednesday,High
St1294,2014-02-26,Unmanned,Wellington,Gasoline 91,21,64.14,Pre-Pay,0,Anpr,1,Yes,Pending,2014,2,Wednesday,Low
St1295,2012-06-27,Self-Service,Christchurch,Diesel,30,89.67,Pre-Pay,0,Anpr,1,No,Recovered,2012,6,Wednesday,Low
St1296,2012-06-27,Self-Service,Dunedin,Gasoline 95,79,236.19,Pay-At-Pump,0,Cctv,0,No,Unresolved,2012,6,Wednesday,High
St1297,2007-02-20,Self-Service,Auckland,Gasoline 95,41,115.34,Post-Pay,0,Anpr,0,Yes,Unresolved,2007,2,Tuesday,Medium
St1298,2006-10-18,Self-Service,Auckland,Diesel,23,65.62,Pre-Pay,0,,1,Yes,Unresolved,2006,10,Wednesday,Low
St1299,2007-06-21,Self-Service,Dunedin,Diesel,34,97.21,Pre-Pay,0,Pre-Pay Policy,0,Yes,Recovered,2007,6,Thursday,Low
St1300,2008-10-17,Staffed,Dunedin,Gasoline 91,77,234.78,Pre-Pay,0,Cctv,1,Yes,Unresolved,2008,10,Friday,High
St1301,2009-02-16,Unmanned,Dunedin,Gasoline 91,31,83.85,Pay-At-Pump,1,Anpr,1,Yes,Pending,2009,2,Monday,Low
St1302,2009-06-17,Unmanned,Dunedin,Gasoline 91,22,63.56,Pay-At-Pump,1,Cctv,0,No,Pending,2009,6,Wednesday,Low
St1303,2009-02-16,Unmanned,Dunedin,Gasoline 95,70,190.48,Pay-At-Pump,0,,0,No,Pending,2009,2,Monday,High
St1304,2009-10-15,Unmanned,Dunedin,Gasoline 95,40,123.12,Pay-At-Pump,0,Cctv,0,No,Unresolved,2009,10,Thursday,Medium
St1305,2009-10-15,Self-Service,Hamilton,Gasoline 91,61,180.38,Pay-At-Pump,0,Cctv,1,Yes,Unresolved,2009,10,Thursday,Medium
St1306,2010-02-16,Unmanned,Dunedin,Gasoline 91,57,160.71,Pay-At-Pump,0,,0,No,Unresolved,2010,2,Tuesday,Medium
St1307,2010-02-16,Staffed,Auckland,Gasoline 91,73,219.75,Post-Pay,0,Pre-Pay Policy,1,Yes,Unresolved,2010,2,Tuesday,High
